step,epoch,epoch_step,loss,learn_rate
500,499,0,0.2118862,0.004
1000,999,0,0.2117762,0.004
1500,1499,0,0.1472395,0.004
2000,1999,0,0.1506562,0.004
